类别,项目,子项,值,单位/备注
t_f,问题3主值(未舍入右端点),,57.179925,h
t_f,问题3穿越区间,,"[205837.73,205847.73]",s
t_f,问题3 Richardson外推,,57.163562,h
t_f,问题3舍入判定(60s四位小数),,57.2333,h
t_f,"问题4主值(未舍入右端点,内生几何)",,50.536869,h（附件2外生版 50.823025 作交叉验证）
t_f,问题4 Richardson外推(内生几何),,50.536867,h
t_f,问题3外部锚点56.92/56.93/57.45偏差,,+0.26/+0.25/-0.27,h
验证,V1热场解析对拍最大偏差(N=320),,5.90e-07,见报告
验证,V1收敛阶,,2.000/1.993/1.990,见报告
验证,V2尾段衰减率γ(实测),,3.5545e-06/s,见报告
验证,V2尾段ln线性R2,,0.997188,见报告
验证,V2尾段等效D反演(对应C),,2.538e-10(C≈0.108),见报告
验证,V3问题3严格下界,,15.7021,见报告
验证,V3问题4收缩下界(时间积分),,19.016,见报告
验证,V4水量逐窗残差max,,5.54e-11,见报告
验证,V4总焓全局吞吐残差,,1.05e-11,见报告
验证,V5a移动域vs固定域Δt_f,,0.00,见报告
验证,V5b退化首模商,,0.99996,见报告
验证,V6场级空间阶,,1.90-2.45,见报告
验证,内生几何自洽R_pred vs 附件2 RMSE,,0.0739,mm（out-of-fit 检验）
验证,耦合内生t_f vs 外生t_f偏差,,-0.2862,h（−0.22% 量级）
敏感性,"C_e=0.04986(题目口径,主)",,57.2009,Δ+0.0000 h
敏感性,"C_e=0.1366(山药解吸支,题外修正)",,79.8270,Δ+22.6261 h
敏感性,"半径插值PCHIP(主,问题4)",,50.8295,Δ+0.0000 h
敏感性,半径插值线性(问题4),,50.8317,Δ+0.0022 h
敏感性,"环境外推:末值保持(主,M2引用)",,57.2009,Δ+0.0000 h
敏感性,环境外推:线性外推(M2引用),,58.8203,Δ+1.6194 h
敏感性,环境外推:末1h均值(M2引用),,57.5034,Δ+0.3025 h
敏感性,问题4效应拆分:附4固定R(M3引用),,129.1047,Δ+78.5678 h（对内生主解，收缩效应 60.9%）
敏感性,"问题4效应拆分:附4+R(t)(主,M3引用)",,50.8230,Δ-0.0065 h
敏感性,问题4效应拆分:问题3(M2引用),,57.1799,Δ+6.6431 h（公式+收缩效应 11.6%）
敏感性,问题4效应拆分:附4+内生R(t)(主),,50.5369,—（内生几何主解）
误差预算,"空间网格(N=160,Richardson偏差)",,0.0164,可收敛
误差预算,时间步(rtol/10实测),,0.0014,可收敛
误差预算,非线性迭代(Picard/Newton对照),,1e-06,可收敛
误差预算,输出重建/1s插值(曲率上界),,0.0002575,可收敛
误差预算,"半径插值(线性vsPCHIP,问题4)",,0.002168,口径依赖
误差预算,舍入(60s网格+四位小数实测),,0.0701,固有
误差预算,环境外推(三档最大偏移),,1.619,情景假设
误差预算,确定性合成区间,,±1.7097,h(不含C_e口径)
判据,Le[附录3],,10.69–640.6,α/D
判据,Bi_m[附录3],,1.181–47.75,h_m·R/D
判据,Bi_h[附录3],,1.035–1.926,h·R/k
判据,Le[附录4],,31.21–556.1,α/D
判据,Bi_m[附录4],,6.361–100.4,h_m·R/D
判据,Bi_h[附录4],,1.896–3.423,h·R/k
判据反验,Le反验(准稳态热场),,56.8983,Δ+0.3026 h
判据反验,Bi_m反验(集总),,11.1720,Δ+46.0289 h
判据反验,Bi_h反验(h→∞),,57.1256,Δ+0.0753 h
论文表,表1[t=100s],r=0.0cm,28.0001,℃
论文表,表2[t=100s],r=0.0cm,2.5500,kg/kg
论文表,表1[t=100s],r=0.5cm,28.0003,℃
论文表,表2[t=100s],r=0.5cm,2.5500,kg/kg
论文表,表1[t=100s],r=1.0cm,28.0040,℃
论文表,表2[t=100s],r=1.0cm,2.5500,kg/kg
论文表,表1[t=100s],r=1.5cm,28.0327,℃
论文表,表2[t=100s],r=1.5cm,2.5500,kg/kg
论文表,表1[t=100s],r=2.0cm,28.1801,℃
论文表,表2[t=100s],r=2.0cm,2.2470,kg/kg
论文表,表1[t=300s],r=0.0cm,28.0408,℃
论文表,表2[t=300s],r=0.0cm,2.5500,kg/kg
论文表,表1[t=300s],r=0.5cm,28.0635,℃
论文表,表2[t=300s],r=0.5cm,2.5500,kg/kg
论文表,表1[t=300s],r=1.0cm,28.1514,℃
论文表,表2[t=300s],r=1.0cm,2.5500,kg/kg
论文表,表1[t=300s],r=1.5cm,28.3681,℃
论文表,表2[t=300s],r=1.5cm,2.5492,kg/kg
论文表,表1[t=300s],r=2.0cm,28.8489,℃
论文表,表2[t=300s],r=2.0cm,2.0508,kg/kg
论文表,表1[t=600s],r=0.0cm,28.4533,℃
论文表,表2[t=600s],r=0.0cm,2.5500,kg/kg
论文表,表1[t=600s],r=0.5cm,28.5360,℃
论文表,表2[t=600s],r=0.5cm,2.5500,kg/kg
论文表,表1[t=600s],r=1.0cm,28.8039,℃
论文表,表2[t=600s],r=1.0cm,2.5500,kg/kg
论文表,表1[t=600s],r=1.5cm,29.3159,℃
论文表,表2[t=600s],r=1.5cm,2.5353,kg/kg
论文表,表1[t=600s],r=2.0cm,30.1652,℃
论文表,表2[t=600s],r=2.0cm,1.8770,kg/kg
论文表,表1[t=900s],r=0.0cm,29.3243,℃
论文表,表2[t=900s],r=0.0cm,2.5500,kg/kg
论文表,表1[t=900s],r=0.5cm,29.4583,℃
论文表,表2[t=900s],r=0.5cm,2.5500,kg/kg
论文表,表1[t=900s],r=1.0cm,29.8755,℃
论文表,表2[t=900s],r=1.0cm,2.5497,kg/kg
论文表,表1[t=900s],r=1.5cm,30.6161,℃
论文表,表2[t=900s],r=1.5cm,2.5045,kg/kg
论文表,表1[t=900s],r=2.0cm,31.7304,℃
论文表,表2[t=900s],r=2.0cm,1.7547,kg/kg
论文表,表1[t=1200s],r=0.0cm,30.5427,℃
论文表,表2[t=1200s],r=0.0cm,2.5500,kg/kg
论文表,表1[t=1200s],r=0.5cm,30.7098,℃
论文表,表2[t=1200s],r=0.5cm,2.5500,kg/kg
论文表,表1[t=1200s],r=1.0cm,31.2223,℃
论文表,表2[t=1200s],r=1.0cm,2.5482,kg/kg
论文表,表1[t=1200s],r=1.5cm,32.1126,℃
论文表,表2[t=1200s],r=1.5cm,2.4646,kg/kg
论文表,表1[t=1200s],r=2.0cm,33.4276,℃
论文表,表2[t=1200s],r=2.0cm,1.6586,kg/kg
论文表,表1[t=1500s],r=0.0cm,31.9957,℃
论文表,表2[t=1500s],r=0.0cm,2.5500,kg/kg
论文表,表1[t=1500s],r=0.5cm,32.1867,℃
论文表,表2[t=1500s],r=0.5cm,2.5499,kg/kg
论文表,表1[t=1500s],r=1.0cm,32.7660,℃
论文表,表2[t=1500s],r=1.0cm,2.5445,kg/kg
论文表,表1[t=1500s],r=1.5cm,33.7463,℃
论文表,表2[t=1500s],r=1.5cm,2.4206,kg/kg
论文表,表1[t=1500s],r=2.0cm,35.1203,℃
论文表,表2[t=1500s],r=2.0cm,1.5787,kg/kg
论文表,表1[t=1800s],r=0.0cm,33.5753,℃
论文表,表2[t=1800s],r=0.0cm,2.5500,kg/kg
论文表,表1[t=1800s],r=0.5cm,33.7720,℃
论文表,表2[t=1800s],r=0.5cm,2.5497,kg/kg
论文表,表1[t=1800s],r=1.0cm,34.3642,℃
论文表,表2[t=1800s],r=1.0cm,2.5383,kg/kg
论文表,表1[t=1800s],r=1.5cm,35.3621,℃
论文表,表2[t=1800s],r=1.5cm,2.3755,kg/kg
论文表,表1[t=1800s],r=2.0cm,36.7856,℃
论文表,表2[t=1800s],r=2.0cm,1.5102,kg/kg
论文表,表3[t=0.5h],r=0.0cm,32.1892,℃
论文表,表4[t=0.5h],r=0.0cm,2.5499,kg/kg
论文表,表3[t=0.5h],r=0.5cm,32.3821,℃
论文表,表4[t=0.5h],r=0.5cm,2.5489,kg/kg
论文表,表3[t=0.5h],r=1.0cm,32.9659,℃
论文表,表4[t=0.5h],r=1.0cm,2.5256,kg/kg
论文表,表3[t=0.5h],r=1.5cm,33.9608,℃
论文表,表4[t=0.5h],r=1.5cm,2.3257,kg/kg
论文表,表3[t=0.5h],r=2.0cm,35.4130,℃
论文表,表4[t=0.5h],r=2.0cm,1.6486,kg/kg
论文表,表3[t=1.0h],r=0.0cm,40.3816,℃
论文表,表4[t=1.0h],r=0.0cm,2.5258,kg/kg
论文表,表3[t=1.0h],r=0.5cm,40.5536,℃
论文表,表4[t=1.0h],r=0.5cm,2.4948,kg/kg
论文表,表3[t=1.0h],r=1.0cm,41.0605,℃
论文表,表4[t=1.0h],r=1.0cm,2.3578,kg/kg
论文表,表3[t=1.0h],r=1.5cm,41.8782,℃
论文表,表4[t=1.0h],r=1.5cm,2.0230,kg/kg
论文表,表3[t=1.0h],r=2.0cm,42.9976,℃
论文表,表4[t=1.0h],r=2.0cm,1.4711,kg/kg
论文表,表3[t=1.5h],r=0.0cm,45.8468,℃
论文表,表4[t=1.5h],r=0.0cm,2.3861,kg/kg
论文表,表3[t=1.5h],r=0.5cm,45.9348,℃
论文表,表4[t=1.5h],r=0.5cm,2.3256,kg/kg
论文表,表3[t=1.5h],r=1.0cm,46.1930,℃
论文表,表4[t=1.5h],r=1.0cm,2.1344,kg/kg
论文表,表3[t=1.5h],r=1.5cm,46.6051,℃
论文表,表4[t=1.5h],r=1.5cm,1.8020,kg/kg
论文表,表3[t=1.5h],r=2.0cm,47.1401,℃
论文表,表4[t=1.5h],r=2.0cm,1.3476,kg/kg
论文表,表3[t=2.0h],r=0.0cm,48.4502,℃
论文表,表4[t=2.0h],r=0.0cm,2.1709,kg/kg
论文表,表3[t=2.0h],r=0.5cm,48.4881,℃
论文表,表4[t=2.0h],r=0.5cm,2.1084,kg/kg
论文表,表3[t=2.0h],r=1.0cm,48.5984,℃
论文表,表4[t=2.0h],r=1.0cm,1.9236,kg/kg
论文表,表3[t=2.0h],r=1.5cm,48.7735,℃
论文表,表4[t=2.0h],r=1.5cm,1.6259,kg/kg
论文表,表3[t=2.0h],r=2.0cm,49.0033,℃
论文表,表4[t=2.0h],r=2.0cm,1.2311,kg/kg
论文表,表3[t=2.5h],r=0.0cm,49.4670,℃
论文表,表4[t=2.5h],r=0.0cm,1.9566,kg/kg
论文表,表3[t=2.5h],r=0.5cm,49.4792,℃
论文表,表4[t=2.5h],r=0.5cm,1.9006,kg/kg
论文表,表3[t=2.5h],r=1.0cm,49.5136,℃
论文表,表4[t=2.5h],r=1.0cm,1.7360,kg/kg
论文表,表3[t=2.5h],r=1.5cm,49.5653,℃
论文表,表4[t=2.5h],r=1.5cm,1.4720,kg/kg
论文表,表3[t=2.5h],r=2.0cm,49.6609,℃
论文表,表4[t=2.5h],r=2.0cm,1.1166,kg/kg
论文表,表3[t=3.0h],r=0.0cm,49.8495,℃
论文表,表4[t=3.0h],r=0.0cm,1.7662,kg/kg
论文表,表3[t=3.0h],r=0.5cm,49.8553,℃
论文表,表4[t=3.0h],r=0.5cm,1.7165,kg/kg
论文表,表3[t=3.0h],r=1.0cm,49.8746,℃
论文表,表4[t=3.0h],r=1.0cm,1.5702,kg/kg
论文表,表3[t=3.0h],r=1.5cm,49.9101,℃
论文表,表4[t=3.0h],r=1.5cm,1.3333,kg/kg
论文表,表3[t=3.0h],r=2.0cm,49.9664,℃
论文表,表4[t=3.0h],r=2.0cm,1.0081,kg/kg
论文表,表5[t=6h],r=0.0cm,1.0156,kg/kg
论文表,表5[t=6h],r=0.5cm,0.9868,kg/kg
论文表,表5[t=6h],r=1.0cm,0.9006,kg/kg
论文表,表5[t=6h],r=1.5cm,0.7546,kg/kg
论文表,表5[t=6h],r=2.0cm,0.5335,kg/kg
论文表,表5[t=12h],r=0.0cm,0.4548,kg/kg
论文表,表5[t=12h],r=0.5cm,0.4418,kg/kg
论文表,表5[t=12h],r=1.0cm,0.4019,kg/kg
论文表,表5[t=12h],r=1.5cm,0.3289,kg/kg
论文表,表5[t=12h],r=2.0cm,0.1639,kg/kg
论文表,表5[t=18h],r=0.0cm,0.2979,kg/kg
论文表,表5[t=18h],r=0.5cm,0.2906,kg/kg
论文表,表5[t=18h],r=1.0cm,0.2679,kg/kg
论文表,表5[t=18h],r=1.5cm,0.2247,kg/kg
论文表,表5[t=18h],r=2.0cm,0.0842,kg/kg
论文表,表5[t=24h],r=0.0cm,0.2371,kg/kg
论文表,表5[t=24h],r=0.5cm,0.2321,kg/kg
论文表,表5[t=24h],r=1.0cm,0.2161,kg/kg
论文表,表5[t=24h],r=1.5cm,0.1851,kg/kg
论文表,表5[t=24h],r=2.0cm,0.0663,kg/kg
论文表,表5[t=30h],r=0.0cm,0.2053,kg/kg
论文表,表5[t=30h],r=0.5cm,0.2013,kg/kg
论文表,表5[t=30h],r=1.0cm,0.1887,kg/kg
论文表,表5[t=30h],r=1.5cm,0.1637,kg/kg
论文表,表5[t=30h],r=2.0cm,0.0597,kg/kg
论文表,表5[t=36h],r=0.0cm,0.1854,kg/kg
论文表,表5[t=36h],r=0.5cm,0.1821,kg/kg
论文表,表5[t=36h],r=1.0cm,0.1714,kg/kg
论文表,表5[t=36h],r=1.5cm,0.1501,kg/kg
论文表,表5[t=36h],r=2.0cm,0.0565,kg/kg
论文表,表5[t=42h],r=0.0cm,0.1717,kg/kg
论文表,表5[t=42h],r=0.5cm,0.1687,kg/kg
论文表,表5[t=42h],r=1.0cm,0.1594,kg/kg
论文表,表5[t=42h],r=1.5cm,0.1404,kg/kg
论文表,表5[t=42h],r=2.0cm,0.0547,kg/kg
论文表,表5[t=48h],r=0.0cm,0.1615,kg/kg
论文表,表5[t=48h],r=0.5cm,0.1588,kg/kg
论文表,表5[t=48h],r=1.0cm,0.1504,kg/kg
论文表,表5[t=48h],r=1.5cm,0.1332,kg/kg
论文表,表5[t=48h],r=2.0cm,0.0536,kg/kg
论文表,表5[t=54h],r=0.0cm,0.1535,kg/kg
论文表,表5[t=54h],r=0.5cm,0.1511,kg/kg
论文表,表5[t=54h],r=1.0cm,0.1434,kg/kg
论文表,表5[t=54h],r=1.5cm,0.1275,kg/kg
论文表,表5[t=54h],r=2.0cm,0.0528,kg/kg
论文表,表5[烘干结束时间],r=0.0cm,0.1500,kg/kg
论文表,表5[烘干结束时间],r=0.5cm,0.1477,kg/kg
论文表,表5[烘干结束时间],r=1.0cm,0.1402,kg/kg
论文表,表5[烘干结束时间],r=1.5cm,0.1249,kg/kg
论文表,表5[烘干结束时间],r=2.0cm,0.0525,kg/kg
论文表,表6[t=6h],r=0cm,1.7132,kg/kg
论文表,表6[t=6h],r=0.5cm,1.5336,kg/kg
论文表,表6[t=6h],r=1cm,1.0247,kg/kg
论文表,表6[t=6h],r=1.5cm,,kg/kg
论文表,表6[t=6h],药材表面,0.4202,kg/kg
论文表,表6[t=12h],r=0cm,0.7362,kg/kg
论文表,表6[t=12h],r=0.5cm,0.6525,kg/kg
论文表,表6[t=12h],r=1cm,0.4044,kg/kg
论文表,表6[t=12h],r=1.5cm,,kg/kg
论文表,表6[t=12h],药材表面,0.1676,kg/kg
论文表,表6[t=18h],r=0cm,0.4044,kg/kg
论文表,表6[t=18h],r=0.5cm,0.3645,kg/kg
论文表,表6[t=18h],r=1cm,0.2359,kg/kg
论文表,表6[t=18h],r=1.5cm,,kg/kg
论文表,表6[t=18h],药材表面,0.0886,kg/kg
论文表,表6[t=24h],r=0cm,0.2825,kg/kg
论文表,表6[t=24h],r=0.5cm,0.2588,kg/kg
论文表,表6[t=24h],r=1cm,0.1777,kg/kg
论文表,表6[t=24h],r=1.5cm,,kg/kg
论文表,表6[t=24h],药材表面,0.0669,kg/kg
论文表,表6[t=30h],r=0cm,0.2247,kg/kg
论文表,表6[t=30h],r=0.5cm,0.2079,kg/kg
论文表,表6[t=30h],r=1cm,0.1483,kg/kg
论文表,表6[t=30h],r=1.5cm,,kg/kg
论文表,表6[t=30h],药材表面,0.0592,kg/kg
论文表,表6[t=36h],r=0cm,0.1915,kg/kg
论文表,表6[t=36h],r=0.5cm,0.1784,kg/kg
论文表,表6[t=36h],r=1cm,0.1305,kg/kg
论文表,表6[t=36h],r=1.5cm,,kg/kg
论文表,表6[t=36h],药材表面,0.0558,kg/kg
论文表,表6[t=42h],r=0cm,0.1701,kg/kg
论文表,表6[t=42h],r=0.5cm,0.1593,kg/kg
论文表,表6[t=42h],r=1cm,0.1186,kg/kg
论文表,表6[t=42h],r=1.5cm,,kg/kg
论文表,表6[t=42h],药材表面,0.0539,kg/kg
论文表,表6[t=48h],r=0cm,0.1551,kg/kg
论文表,表6[t=48h],r=0.5cm,0.1457,kg/kg
论文表,表6[t=48h],r=1cm,0.1100,kg/kg
论文表,表6[t=48h],r=1.5cm,,kg/kg
论文表,表6[t=48h],药材表面,0.0528,kg/kg
论文表,表6[烘干结束时间],r=0cm,0.1500,kg/kg
论文表,表6[烘干结束时间],r=0.5cm,0.1411,kg/kg
论文表,表6[烘干结束时间],r=1cm,0.1071,kg/kg
论文表,表6[烘干结束时间],r=1.5cm,,kg/kg
论文表,表6[烘干结束时间],药材表面,0.0525,kg/kg
